-- Tabla Roles
INSERT INTO roles (id, nombre)
VALUES (1, 'Administrador'),
       (2, 'Tutor'),
       (3, 'Estudiante')
ON CONFLICT (id) DO NOTHING;

-- Tabla Usuarios
INSERT INTO usuarios (id, nombre, email, pasword_hash, foto_url, hora_creacion, hora_actualizacion, rol_id)
VALUES (1, 'Juan Pérez', 'juan.perez@email.com', 'hashed123', 'https://fotos.com/juan.jpg', '2023-01-01 10:00:00',
        '2023-01-02 11:00:00', 1),
       (2, 'María García', 'maria.garcia@email.com', 'hashed456', 'https://fotos.com/maria.jpg', '2023-01-02 09:00:00',
        '2023-01-03 10:00:00', 2),
       (3, 'Carlos López', 'carlos.lopez@email.com', 'hashed789', 'https://fotos.com/carlos.jpg', '2023-01-03 08:00:00',
        '2023-01-04 09:00:00', 3),
       (4, 'Ana Martínez', 'ana.martinez@email.com', 'hashed012', 'https://fotos.com/ana.jpg', '2023-01-04 07:00:00',
        '2023-01-05 08:00:00', 2),
       (5, 'Luis Rodríguez', 'luis.rodriguez@email.com', 'hashed345', 'https://fotos.com/luis.jpg',
        '2023-01-05 06:00:00', '2023-01-06 07:00:00', 3),
       (6, 'Sofía Hernández', 'sofia.hernandez@email.com', 'hashed678', 'https://fotos.com/sofia.jpg',
        '2023-01-06 05:00:00', '2023-01-07 06:00:00', 2),
       (7, 'Pedro Díaz', 'pedro.diaz@email.com', 'hashed901', 'https://fotos.com/pedro.jpg', '2023-01-07 04:00:00',
        '2023-01-08 05:00:00', 3),
       (8, 'Laura Sánchez', 'laura.sanchez@email.com', 'hashed234', 'https://fotos.com/laura.jpg',
        '2023-01-08 03:00:00', '2023-01-09 04:00:00', 2),
       (9, 'Jorge Ramírez', 'jorge.ramirez@email.com', 'hashed567', 'https://fotos.com/jorge.jpg',
        '2023-01-09 02:00:00', '2023-01-10 03:00:00', 3),
       (10, 'Mónica Flores', 'monica.flores@email.com', 'hashed890', 'https://fotos.com/monica.jpg',
        '2023-01-10 01:00:00', '2023-01-11 02:00:00', 2),
       (11, 'Ricardo Castro', 'ricardo.castro@email.com', 'hashed123', 'https://fotos.com/ricardo.jpg',
        '2023-01-11 12:00:00', '2023-01-12 13:00:00', 3),
       (12, 'Elena Ruiz', 'elena.ruiz@email.com', 'hashed456', 'https://fotos.com/elena.jpg', '2023-01-12 11:00:00',
        '2023-01-13 12:00:00', 2),
       (13, 'Fernando Mendoza', 'fernando.mendoza@email.com', 'hashed789', 'https://fotos.com/fernando.jpg',
        '2023-01-13 10:00:00', '2023-01-14 11:00:00', 3),
       (14, 'Patricia Ortega', 'patricia.ortega@email.com', 'hashed012', 'https://fotos.com/patricia.jpg',
        '2023-01-14 09:00:00', '2023-01-15 10:00:00', 2),
       (15, 'Roberto Vargas', 'roberto.vargas@email.com', 'hashed345', 'https://fotos.com/roberto.jpg',
        '2023-01-15 08:00:00', '2023-01-16 09:00:00', 3),
       (16, 'Gabriela Ríos', 'gabriela.rios@email.com', 'hashed678', 'https://fotos.com/gabriela.jpg',
        '2023-01-16 07:00:00', '2023-01-17 08:00:00', 2),
       (17, 'Daniel Jiménez', 'daniel.jimenez@email.com', 'hashed901', 'https://fotos.com/daniel.jpg',
        '2023-01-17 06:00:00', '2023-01-18 07:00:00', 3),
       (18, 'Verónica Silva', 'veronica.silva@email.com', 'hashed234', 'https://fotos.com/veronica.jpg',
        '2023-01-18 05:00:00', '2023-01-19 06:00:00', 2),
       (19, 'José Morales', 'jose.morales@email.com', 'hashed567', 'https://fotos.com/jose.jpg', '2023-01-19 04:00:00',
        '2023-01-20 05:00:00', 3),
       (20, 'Adriana Guerrero', 'adriana.guerrero@email.com', 'hashed890',
        'https://fotos.com/adriana.jpg', '2023-01-20 03:00:00', '2023-01-21 04:00:00', 2),
       (21, 'Miguel Ángel Pineda', 'miguel.pineda@email.com', 'hashed123',
        'https://fotos.com/miguel.jpg', '2023-01-21 02:00:00', '2023-01-22 03:00:00', 3),
       (22, 'Claudia Vega', 'claudia.vega@email.com', 'hashed456',
        'https://fotos.com/claudia.jpg', '2023-01-22 01:00:00', '2023-01-23 02:00:00', 2),
       (23, 'Alejandro Cortés', 'alejandro.cortes@email.com', 'hashed789',
        'https://fotos.com/alejandro.jpg', '2023-01-23 12:00:00', '2023-01-24 13:00:00', 3),
       (24, 'Diana Mejía', 'diana.mejia@email.com', 'hashed012', 'https://fotos.com/diana.jpg',
        '2023-01-24 11:00:00', '2023-01-25 12:00:00', 2),
       (25, 'Raúl Navarro', 'raul.navarro@email.com', 'hashed345',
        'https://fotos.com/raul.jpg', '2023-01-25 10:00:00', '2023-01-26 11:00:00', 3),
       (26, 'Silvia Romero', 'silvia.romero@email.com', 'hashed678',
        'https://fotos.com/silvia.jpg', '2023-01-26 09:00:00', '2023-01-27 10:00:00', 2),
       (27, 'Arturo Herrera', 'arturo.herrera@email.com', 'hashed901',
        'https://fotos.com/arturo.jpg', '2023-01-27 08:00:00', '2023-01-28 09:00:00', 3),
       (28, 'Norma Delgado', 'norma.delgado@email.com', 'hashed234',
        'https://fotos.com/norma.jpg', '2023-01-28 07:00:00', '2023-01-29 08:00:00', 2),
       (29, 'Hugo Rojas', 'hugo.rojas@email.com', 'hashed567', 'https://fotos.com/hugo.jpg',
        '2023-01-29 06:00:00', '2023-01-30 07:00:00', 3),
       (30, 'Lucía Campos', 'lucia.campos@email.com', 'hashed890',
        'https://fotos.com/lucia.jpg', '2023-01-30 05:00:00', '2023-01-31 06:00:00', 2),
       (31, 'Oscar Méndez', 'oscar.mendez@email.com', 'hashed123',
        'https://fotos.com/oscar.jpg', '2023-01-31 04:00:00', '2023-02-01 05:00:00', 3),
       (32, 'Mariana Soto', 'mariana.soto@email.com', 'hashed456',
        'https://fotos.com/mariana.jpg', '2023-02-01 03:00:00', '2023-02-02 04:00:00', 2),
       (33, 'Francisco Contreras', 'francisco.contreras@email.com', 'hashed789',
        'https://fotos.com/francisco.jpg', '2023-02-02 02:00:00', '2023-02-03 03:00:00', 3),
       (34, 'Isabel Valdez', 'isabel.valdez@email.com', 'hashed012',
        'https://fotos.com/isabel.jpg', '2023-02-03 01:00:00', '2023-02-04 02:00:00', 2),
       (35, 'Gerardo Núñez', 'gerardo.nunez@email.com', 'hashed345',
        'https://fotos.com/gerardo.jpg', '2023-02-04 12:00:00', '2023-02-05 13:00:00', 3),
       (36, 'Beatriz Medina', 'beatriz.medina@email.com', 'hashed678',
        'https://fotos.com/beatriz.jpg', '2023-02-05 11:00:00', '2023-02-06 12:00:00', 2),
       (37, 'Eduardo Salazar', 'eduardo.salazar@email.com', 'hashed901',
        'https://fotos.com/eduardo.jpg', '2023-02-06 10:00:00', '2023-02-07 11:00:00', 3),
       (38, 'Rosa Acosta', 'rosa.acosta@email.com', 'hashed234', 'https://fotos.com/rosa.jpg',
        '2023-02-07 09:00:00', '2023-02-08 10:00:00', 2),
       (39, 'Sergio Miranda', 'sergio.miranda@email.com', 'hashed567',
        'https://fotos.com/sergio.jpg', '2023-02-08 08:00:00', '2023-02-09 09:00:00', 3),
       (40, 'Teresa Castillo', 'teresa.castillo@email.com', 'hashed890',
        'https://fotos.com/teresa.jpg', '2023-02-09 07:00:00', '2023-02-10 08:00:00', 2),
       (41, 'Alberto Reyes', 'alberto.reyes@email.com', 'hashed123',
        'https://fotos.com/alberto.jpg', '2023-02-10 06:00:00', '2023-02-11 07:00:00', 3),
       (42, 'Alicia Moreno', 'alicia.moreno@email.com', 'hashed456',
        'https://fotos.com/alicia.jpg', '2023-02-11 05:00:00', '2023-02-12 06:00:00', 2),
       (43, 'Javier Gutiérrez', 'javier.gutierrez@email.com', 'hashed789',
        'https://fotos.com/javier.jpg', '2023-02-12 04:00:00', '2023-02-13 05:00:00', 3),
       (44, 'Carmen Luna', 'carmen.luna@email.com', 'hashed012',
        'https://fotos.com/carmen.jpg', '2023-02-13 03:00:00', '2023-02-14 04:00:00', 2),
       (45, 'Manuel Espinoza', 'manuel.espinoza@email.com', 'hashed345',
        'https://fotos.com/manuel.jpg', '2023-02-14 02:00:00', '2023-02-15 03:00:00', 3),
       (46, 'Lourdes Juárez', 'lourdes.juarez@email.com', 'hashed678',
        'https://fotos.com/lourdes.jpg', '2023-02-15 01:00:00', '2023-02-16 02:00:00', 2),
       (47, 'Felipe Aguirre', 'felipe.aguirre@email.com', 'hashed901',
        'https://fotos.com/felipe.jpg', '2023-02-16 12:00:00', '2023-02-17 13:00:00', 3),
       (48, 'Yolanda Márquez', 'yolanda.marquez@email.com', 'hashed234',
        'https://fotos.com/yolanda.jpg', '2023-02-17 11:00:00', '2023-02-18 12:00:00', 2),
       (49, 'René Cervantes', 'rene.cervantes@email.com', 'hashed567',
        'https://fotos.com/rene.jpg', '2023-02-18 10:00:00', '2023-02-19 11:00:00', 3),
       (50, 'Gladys León', 'gladys.leon@email.com', 'hashed890',
        'https://fotos.com/gladys.jpg', '2023-02-19 09:00:00', '2023-02-20 10:00:00', 2)
ON CONFLICT (id) DO NOTHING;

-- Tabla Tutores
INSERT INTO tutores (id, tarifa_hora, rubro, bio, estrellas_promedio, usuario_id)
VALUES (1, 50, 'Matemáticas', 'Tutor con 10 años de experiencia en matemáticas avanzadas', 4.8, 2),
       (2, 45, 'Física', 'Especialista en física cuántica y mecánica clásica', 4.7, 4),
       (3, 55, 'Programación', 'Desarrollador full-stack con experiencia en múltiples lenguajes', 4.9, 6),
       (4, 40, 'Química', 'Doctor en química orgánica con pasión por enseñar', 4.6, 8),
       (5, 60, 'Biología', 'Biólogo molecular con amplia experiencia docente', 4.8, 10),
       (6, 35, 'Historia', 'Apasionado por la historia mundial y las civilizaciones antiguas', 4.5, 12),
       (7, 50, 'Economía', 'Economista con experiencia en mercados financieros', 4.7, 14),
       (8, 45, 'Literatura', 'Escritor y crítico literario con amplio conocimiento', 4.6, 16),
       (9, 55, 'Inglés', 'Profesor nativo de inglés con certificación TESOL', 4.9, 18),
       (10, 40, 'Arte', 'Artista plástico con experiencia en enseñanza', 4.5, 20),
       (11, 65, 'Medicina', 'Médico especialista en anatomía y fisiología', 4.8, 22),
       (12, 50, 'Derecho', 'Abogado con experiencia en derecho internacional', 4.7, 24),
       (13, 45, 'Psicología', 'Psicólogo clínico con enfoque en educación', 4.6, 26),
       (14, 55, 'Ingeniería', 'Ingeniero civil con especialidad en estructuras', 4.8, 28),
       (15, 60, 'Música', 'Músico profesional con experiencia en teoría musical', 4.9, 30),
       (16, 40, 'Filosofía', 'Filósofo con enfoque en ética y lógica', 4.5, 32),
       (17, 50, 'Geografía', 'Geógrafo con experiencia en sistemas de información', 4.7, 34),
       (18, 45, 'Astronomía', 'Astrónomo aficionado con amplio conocimiento', 4.6, 36),
       (19, 55, 'Marketing', 'Especialista en marketing digital y redes sociales', 4.8, 38),
       (20, 60, 'Finanzas', 'Experto en finanzas personales y corporativas', 4.9, 40)
ON CONFLICT (id) DO NOTHING;

-- Tabla Estudiantes
INSERT INTO estudiantes (id, centro_estudio, usuario_id)
VALUES (1, 'Universidad Nacional Autónoma de México', 3),
       (2, 'Instituto Politécnico Nacional', 5),
       (3, 'Universidad de Guadalajara', 7),
       (4, 'Universidad Autónoma de Nuevo León', 9),
       (5, 'Universidad Autónoma Metropolitana', 11),
       (6, 'Instituto Tecnológico de Monterrey', 13),
       (7, 'Universidad Veracruzana', 15),
       (8, 'Universidad Autónoma de Baja California', 17),
       (9, 'Universidad Michoacana de San Nicolás de Hidalgo', 19),
       (10, 'Universidad Autónoma de Yucatán', 21),
       (11, 'Universidad de Sonora', 23),
       (12, 'Universidad Autónoma de Sinaloa', 25),
       (13, 'Universidad Autónoma de Chihuahua', 27),
       (14, 'Universidad Autónoma del Estado de México', 29),
       (15, 'Universidad de Colima', 31),
       (16, 'Universidad Autónoma de Querétaro', 33),
       (17, 'Universidad Autónoma de Puebla', 35),
       (18, 'Universidad Autónoma de San Luis Potosí', 37),
       (19, 'Universidad Autónoma de Tamaulipas', 39),
       (20, 'Universidad Autónoma de Coahuila', 41),
       (21, 'Universidad Juárez Autónoma de Tabasco', 43),
       (22, 'Universidad Autónoma de Aguascalientes', 45),
       (23, 'Universidad Autónoma de Zacatecas', 47),
       (24, 'Universidad Autónoma de Tlaxcala', 49),
       (25, 'Universidad de Guanajuato', 42),
       (26, 'Universidad Autónoma de Campeche', 44),
       (27, 'Universidad Autónoma de Ciudad Juárez', 46),
       (28, 'Universidad Autónoma de Quintana Roo', 48),
       (29, 'Universidad Autónoma de Nayarit', 50)
ON CONFLICT (id) DO NOTHING;

-- Tabla Disponibilidades
INSERT INTO disponibilidades (id, fecha, hora_inicial, hora_final, tutor_id)
VALUES (1, '2023-03-01', '2023-03-01 09:00:00', '2023-03-01 11:00:00', 1),
       (2, '2023-03-01', '2023-03-01 14:00:00', '2023-03-01 16:00:00', 1),
       (3, '2023-03-02', '2023-03-02 10:00:00', '2023-03-02 12:00:00', 2),
       (4, '2023-03-02', '2023-03-02 15:00:00', '2023-03-02 17:00:00', 2),
       (5, '2023-03-03', '2023-03-03 08:00:00', '2023-03-03 10:00:00', 3),
       (6, '2023-03-03', '2023-03-03 13:00:00', '2023-03-03 15:00:00', 3),
       (7, '2023-03-04', '2023-03-04 11:00:00', '2023-03-04 13:00:00', 4),
       (8, '2023-03-04', '2023-03-04 16:00:00', '2023-03-04 18:00:00', 4),
       (9, '2023-03-05', '2023-03-05 09:00:00', '2023-03-05 11:00:00', 5),
       (10, '2023-03-05', '2023-03-05 14:00:00', '2023-03-05 16:00:00', 5),
       (11, '2023-03-06', '2023-03-06 10:00:00', '2023-03-06 12:00:00', 6),
       (12, '2023-03-06', '2023-03-06 15:00:00', '2023-03-06 17:00:00', 6),
       (13, '2023-03-07', '2023-03-07 08:00:00', '2023-03-07 10:00:00', 7),
       (14, '2023-03-07', '2023-03-07 13:00:00', '2023-03-07 15:00:00', 7),
       (15, '2023-03-08', '2023-03-08 11:00:00', '2023-03-08 13:00:00', 8),
       (16, '2023-03-08', '2023-03-08 16:00:00', '2023-03-08 18:00:00', 8),
       (17, '2023-03-09', '2023-03-09 09:00:00', '2023-03-09 11:00:00', 9),
       (18, '2023-03-09', '2023-03-09 14:00:00', '2023-03-09 16:00:00', 9),
       (19, '2023-03-10', '2023-03-10 10:00:00', '2023-03-10 12:00:00', 10),
       (20, '2023-03-10', '2023-03-10 15:00:00', '2023-03-10 17:00:00', 10),
       (21, '2023-03-11', '2023-03-11 08:00:00', '2023-03-11 10:00:00', 11),
       (22, '2023-03-11', '2023-03-11 13:00:00', '2023-03-11 15:00:00', 11),
       (23, '2023-03-12', '2023-03-12 11:00:00', '2023-03-12 13:00:00', 12),
       (24, '2023-03-12', '2023-03-12 16:00:00', '2023-03-12 18:00:00', 12),
       (25, '2023-03-13', '2023-03-13 09:00:00', '2023-03-13 11:00:00', 13),
       (26, '2023-03-13', '2023-03-13 14:00:00', '2023-03-13 16:00:00', 13),
       (27, '2023-03-14', '2023-03-14 10:00:00', '2023-03-14 12:00:00', 14),
       (28, '2023-03-14', '2023-03-14 15:00:00', '2023-03-14 17:00:00', 14),
       (29, '2023-03-15', '2023-03-15 08:00:00', '2023-03-15 10:00:00', 15),
       (30, '2023-03-15', '2023-03-15 13:00:00', '2023-03-15 15:00:00', 15),
       (31, '2023-03-16', '2023-03-16 11:00:00', '2023-03-16 13:00:00', 16),
       (32, '2023-03-16', '2023-03-16 16:00:00', '2023-03-16 18:00:00', 16),
       (33, '2023-03-17', '2023-03-17 09:00:00', '2023-03-17 11:00:00', 17),
       (34, '2023-03-17', '2023-03-17 14:00:00', '2023-03-17 16:00:00', 17),
       (35, '2023-03-18', '2023-03-18 10:00:00', '2023-03-18 12:00:00', 18),
       (36, '2023-03-18', '2023-03-18 15:00:00', '2023-03-18 17:00:00', 18),
       (37, '2023-03-19', '2023-03-19 08:00:00', '2023-03-19 10:00:00', 19),
       (38, '2023-03-19', '2023-03-19 13:00:00', '2023-03-19 15:00:00', 19),
       (39, '2023-03-20', '2023-03-20 11:00:00', '2023-03-20 13:00:00', 20),
       (40, '2023-03-20', '2023-03-20 16:00:00', '2023-03-20 18:00:00', 20),
       (41, '2023-03-21', '2023-03-21 09:00:00', '2023-03-21 11:00:00', 1),
       (42, '2023-03-21', '2023-03-21 14:00:00', '2023-03-21 16:00:00', 1),
       (43, '2023-03-22', '2023-03-22 10:00:00', '2023-03-22 12:00:00', 2),
       (44, '2023-03-22', '2023-03-22 15:00:00', '2023-03-22 17:00:00', 2),
       (45, '2023-03-23', '2023-03-23 08:00:00', '2023-03-23 10:00:00', 3),
       (46, '2023-03-23', '2023-03-23 13:00:00', '2023-03-23 15:00:00', 3),
       (47, '2023-03-24', '2023-03-24 11:00:00', '2023-03-24 13:00:00', 4),
       (48, '2023-03-24', '2023-03-24 16:00:00', '2023-03-24 18:00:00', 4),
       (49, '2023-03-25', '2023-03-25 09:00:00', '2023-03-25 11:00:00', 5),
       (50, '2023-03-25', '2023-03-25 14:00:00', '2023-03-25 16:00:00', 5)
ON CONFLICT (id) DO NOTHING;

-- Tabla Sesiones
INSERT INTO sesiones (id, fecha, hora_inicial, hora_final, tipo_estado, tutor_id, estudiante_id)
VALUES (1, '2023-03-01', '2023-03-01 09:00:00', '2023-03-01 11:00:00', 'COMPLETADA', 1, 1),
       (2, '2023-03-01', '2023-03-01 14:00:00', '2023-03-01 16:00:00', 'COMPLETADA', 1, 2),
       (3, '2023-03-02', '2023-03-02 10:00:00', '2023-03-02 12:00:00', 'COMPLETADA', 2, 3),
       (4, '2023-03-02', '2023-03-02 15:00:00', '2023-03-02 17:00:00', 'COMPLETADA', 2, 4),
       (5, '2023-03-03', '2023-03-03 08:00:00', '2023-03-03 10:00:00', 'COMPLETADA', 3, 5),
       (6, '2023-03-03', '2023-03-03 13:00:00', '2023-03-03 15:00:00', 'COMPLETADA', 3, 6),
       (7, '2023-03-04', '2023-03-04 11:00:00', '2023-03-04 13:00:00', 'COMPLETADA', 4, 7),
       (8, '2023-03-04', '2023-03-04 16:00:00', '2023-03-04 18:00:00', 'COMPLETADA', 4, 8),
       (9, '2023-03-05', '2023-03-05 09:00:00', '2023-03-05 11:00:00', 'COMPLETADA', 5, 9),
       (10, '2023-03-05', '2023-03-05 14:00:00', '2023-03-05 16:00:00', 'COMPLETADA', 5, 10),
       (11, '2023-03-06', '2023-03-06 10:00:00', '2023-03-06 12:00:00', 'COMPLETADA', 6, 11),
       (12, '2023-03-06', '2023-03-06 15:00:00', '2023-03-06 17:00:00', 'COMPLETADA', 6, 12),
       (13, '2023-03-07', '2023-03-07 08:00:00', '2023-03-07 10:00:00', 'COMPLETADA', 7, 13),
       (14, '2023-03-07', '2023-03-07 13:00:00', '2023-03-07 15:00:00', 'COMPLETADA', 7, 14),
       (15, '2023-03-08', '2023-03-08 11:00:00', '2023-03-08 13:00:00', 'COMPLETADA', 8, 15),
       (16, '2023-03-08', '2023-03-08 16:00:00', '2023-03-08 18:00:00', 'COMPLETADA', 8, 16),
       (17, '2023-03-09', '2023-03-09 09:00:00', '2023-03-09 11:00:00', 'COMPLETADA', 9, 17),
       (18, '2023-03-09', '2023-03-09 14:00:00', '2023-03-09 16:00:00', 'COMPLETADA', 9, 18),
       (19, '2023-03-10', '2023-03-10 10:00:00', '2023-03-10 12:00:00', 'COMPLETADA', 10, 19),
       (20, '2023-03-10', '2023-03-10 15:00:00', '2023-03-10 17:00:00', 'COMPLETADA', 10, 20),
       (21, '2023-03-11', '2023-03-11 08:00:00', '2023-03-11 10:00:00', 'COMPLETADA', 11, 21),
       (22, '2023-03-11', '2023-03-11 13:00:00', '2023-03-11 15:00:00', 'COMPLETADA', 11, 22),
       (23, '2023-03-12', '2023-03-12 11:00:00', '2023-03-12 13:00:00', 'COMPLETADA', 12, 23),
       (24, '2023-03-12', '2023-03-12 16:00:00', '2023-03-12 18:00:00', 'COMPLETADA', 12, 24),
       (25, '2023-03-13', '2023-03-13 09:00:00', '2023-03-13 11:00:00', 'COMPLETADA', 13, 25),
       (26, '2023-03-13', '2023-03-13 14:00:00', '2023-03-13 16:00:00', 'COMPLETADA', 13, 26),
       (27, '2023-03-14', '2023-03-14 10:00:00', '2023-03-14 12:00:00', 'COMPLETADA', 14, 27),
       (28, '2023-03-14', '2023-03-14 15:00:00', '2023-03-14 17:00:00', 'COMPLETADA', 14, 28),
       (29, '2023-03-15', '2023-03-15 08:00:00', '2023-03-15 10:00:00', 'COMPLETADA', 15, 29),
       (30, '2023-03-15', '2023-03-15 13:00:00', '2023-03-15 15:00:00', 'COMPLETADA', 15, 1),
       (31, '2023-03-16', '2023-03-16 11:00:00', '2023-03-16 13:00:00', 'COMPLETADA', 16, 2),
       (32, '2023-03-16', '2023-03-16 16:00:00', '2023-03-16 18:00:00', 'COMPLETADA', 16, 3),
       (33, '2023-03-17', '2023-03-17 09:00:00', '2023-03-17 11:00:00', 'COMPLETADA', 17, 4),
       (34, '2023-03-17', '2023-03-17 14:00:00', '2023-03-17 16:00:00', 'COMPLETADA', 17, 5),
       (35, '2023-03-18', '2023-03-18 10:00:00', '2023-03-18 12:00:00', 'COMPLETADA', 18, 6),
       (36, '2023-03-18', '2023-03-18 15:00:00', '2023-03-18 17:00:00', 'COMPLETADA', 18, 7),
       (37, '2023-03-19', '2023-03-19 08:00:00', '2023-03-19 10:00:00', 'COMPLETADA', 19, 8),
       (38, '2023-03-19', '2023-03-19 13:00:00', '2023-03-19 15:00:00', 'COMPLETADA', 19, 9),
       (39, '2023-03-20', '2023-03-20 11:00:00', '2023-03-20 13:00:00', 'COMPLETADA', 20, 10),
       (40, '2023-03-20', '2023-03-20 16:00:00', '2023-03-20 18:00:00', 'COMPLETADA', 20, 11),
       (41, '2023-03-21', '2023-03-21 09:00:00', '2023-03-21 11:00:00', 'PENDIENTE', 1, 12),
       (42, '2023-03-21', '2023-03-21 14:00:00', '2023-03-21 16:00:00', 'PENDIENTE', 1, 13),
       (43, '2023-03-22', '2023-03-22 10:00:00', '2023-03-22 12:00:00', 'PENDIENTE', 2, 14),
       (44, '2023-03-22', '2023-03-22 15:00:00', '2023-03-22 17:00:00', 'PENDIENTE', 2, 15),
       (45, '2023-03-23', '2023-03-23 08:00:00', '2023-03-23 10:00:00', 'PENDIENTE', 3, 16),
       (46, '2023-03-23', '2023-03-23 13:00:00', '2023-03-23 15:00:00', 'PENDIENTE', 3, 17),
       (47, '2023-03-24', '2023-03-24 11:00:00', '2023-03-24 13:00:00', 'PENDIENTE', 4, 18),
       (48, '2023-03-24', '2023-03-24 16:00:00', '2023-03-24 18:00:00', 'PENDIENTE', 4, 19),
       (49, '2023-03-25', '2023-03-25 09:00:00', '2023-03-25 11:00:00', 'PENDIENTE', 5, 20),
       (50, '2023-03-25', '2023-03-25 14:00:00', '2023-03-25 16:00:00', 'PENDIENTE', 5, 21)
ON CONFLICT (id) DO NOTHING;

-- Tabla Enlaces_Sesiones
INSERT INTO enlaces_sesiones (id, nombre, enlace, sesion_id)
VALUES (1, 'Sesión Matemáticas 1', 'https://meet.google.com/abc123', 1),
       (2, 'Sesión Matemáticas 2', 'https://meet.google.com/def456', 2),
       (3, 'Sesión Física 1', 'https://meet.google.com/ghi789', 3),
       (4, 'Sesión Física 2', 'https://meet.google.com/jkl012', 4),
       (5, 'Sesión Programación 1', 'https://meet.google.com/mno345', 5),
       (6, 'Sesión Programación 2', 'https://meet.google.com/pqr678', 6),
       (7, 'Sesión Química 1', 'https://meet.google.com/stu901', 7),
       (8, 'Sesión Química 2', 'https://meet.google.com/vwx234', 8),
       (9, 'Sesión Biología 1', 'https://meet.google.com/yz5678', 9),
       (10, 'Sesión Biología 2', 'https://meet.google.com/123abc', 10),
       (11, 'Sesión Historia 1', 'https://meet.google.com/456def', 11),
       (12, 'Sesión Historia 2', 'https://meet.google.com/789ghi', 12),
       (13, 'Sesión Economía 1', 'https://meet.google.com/012jkl', 13),
       (14, 'Sesión Economía 2', 'https://meet.google.com/345mno', 14),
       (15, 'Sesión Literatura 1', 'https://meet.google.com/678pqr', 15),
       (16, 'Sesión Literatura 2', 'https://meet.google.com/901stu', 16),
       (17, 'Sesión Inglés 1', 'https://meet.google.com/234vwx', 17),
       (18, 'Sesión Inglés 2', 'https://meet.google.com/567yz1', 18),
       (19, 'Sesión Arte 1', 'https://meet.google.com/89a2b3', 19),
       (20, 'Sesión Arte 2', 'https://meet.google.com/c4d5e6', 20),
       (21, 'Sesión Medicina 1', 'https://meet.google.com/f7g8h9', 21),
       (22, 'Sesión Medicina 2', 'https://meet.google.com/i0j1k2', 22),
       (23, 'Sesión Derecho 1', 'https://meet.google.com/l3m4n5', 23),
       (24, 'Sesión Derecho 2', 'https://meet.google.com/o6p7q8', 24),
       (25, 'Sesión Psicología 1', 'https://meet.google.com/r9s0t1', 25),
       (26, 'Sesión Psicología 2', 'https://meet.google.com/u2v3w4', 26),
       (27, 'Sesión Ingeniería 1', 'https://meet.google.com/x5y6z7', 27),
       (28, 'Sesión Ingeniería 2', 'https://meet.google.com/8a9b0c', 28),
       (29, 'Sesión Música 1', 'https://meet.google.com/d1e2f3', 29),
       (30, 'Sesión Música 2', 'https://meet.google.com/g4h5i6', 30),
       (31, 'Sesión Filosofía 1', 'https://meet.google.com/j7k8l9', 31),
       (32, 'Sesión Filosofía 2', 'https://meet.google.com/m0n1o2', 32),
       (33, 'Sesión Geografía 1', 'https://meet.google.com/p3q4r5', 33),
       (34, 'Sesión Geografía 2', 'https://meet.google.com/s6t7u8', 34),
       (35, 'Sesión Astronomía 1', 'https://meet.google.com/v9w0x1', 35),
       (36, 'Sesión Astronomía 2', 'https://meet.google.com/y2z3a4', 36),
       (37, 'Sesión Marketing 1', 'https://meet.google.com/b5c6d7', 37),
       (38, 'Sesión Marketing 2', 'https://meet.google.com/e8f9g0', 38),
       (39, 'Sesión Finanzas 1', 'https://meet.google.com/h1i2j3', 39),
       (40, 'Sesión Finanzas 2', 'https://meet.google.com/k4l5m6', 40),
       (41, 'Sesión Educación Física 1', 'https://meet.google.com/n7o8p9', 41),
       (42, 'Sesión Educación Física 2', 'https://meet.google.com/q0r1s2', 42),
       (43, 'Sesión Diseño Gráfico 1', 'https://meet.google.com/t3u4v5', 43),
       (44, 'Sesión Diseño Gráfico 2', 'https://meet.google.com/w6x7y8', 44),
       (45, 'Sesión Arquitectura 1', 'https://meet.google.com/z9a0b1', 45),
       (46, 'Sesión Arquitectura 2', 'https://meet.google.com/c2d3e4', 46),
       (47, 'Sesión Enfermería 1', 'https://meet.google.com/f5g6h7', 47),
       (48, 'Sesión Enfermería 2', 'https://meet.google.com/i8j9k0', 48),
       (49, 'Sesión Agricultura 1', 'https://meet.google.com/l1m2n3', 49),
       (50, 'Sesión Agricultura 2', 'https://meet.google.com/o4p5q6', 50)
ON CONFLICT (id) DO NOTHING;

-- Tabla Resenas
INSERT INTO resenas (id, calificacion, comentario, sesion_id)
VALUES (1, 5, 'Excelente tutor, explicó muy claro los conceptos', 1),
       (2, 4, 'Buen tutor, pero un poco rápido en las explicaciones', 2),
       (3, 5, 'Increíble dominio del tema, lo recomiendo', 3),
       (4, 3, 'Regular, esperaba más ejemplos prácticos', 4),
       (5, 5, 'Perfecto, resolvió todas mis dudas', 5),
       (6, 4, 'Muy buen tutor, solo que la conexión falló un poco', 6),
       (7, 5, 'Explicaciones claras y concisas', 7),
       (8, 2, 'No cumplió con lo esperado', 8),
       (9, 5, 'El mejor tutor que he tenido', 9),
       (10, 4, 'Buen tutor, pero debería ser más paciente', 10),
       (11, 5, 'Dominio total del tema, excelente', 11),
       (12, 3, 'Regular, algunas dudas quedaron sin resolver', 12),
       (13, 5, 'Muy profesional y claro en sus explicaciones', 13),
       (14, 4, 'Buen tutor, pero debería dar más ejemplos', 14),
       (15, 5, 'Explicó de manera magistral', 15),
       (16, 1, 'Muy mal tutor, no recomiendo', 16),
       (17, 5, 'Excelente metodología de enseñanza', 17),
       (18, 4, 'Buen tutor, pero un poco desorganizado', 18),
       (19, 5, 'Claro, conciso y al punto', 19),
       (20, 3, 'Regular, esperaba más profundidad', 20),
       (21, 5, 'Increíble capacidad para explicar temas complejos', 21),
       (22, 4, 'Buen tutor, pero debería ser más puntual', 22),
       (23, 5, 'Totalmente recomendado', 23),
       (24, 2, 'No resolvió mis dudas adecuadamente', 24),
       (25, 5, 'Excelente tutor, muy paciente', 25),
       (26, 4, 'Buen tutor, pero debería preparar mejor las sesiones', 26),
       (27, 5, 'Dominio absoluto del tema', 27),
       (28, 3, 'Regular, algunas explicaciones fueron confusas', 28),
       (29, 5, 'El mejor tutor que he tenido en esta plataforma', 29),
       (30, 4, 'Buen tutor, pero debería ser más claro en algunos puntos', 30),
       (31, 5, 'Explicaciones impecables', 31),
       (32, 1, 'Pésima experiencia, no recomiendo', 32),
       (33, 5, 'Excelente tutor, muy didáctico', 33),
       (34, 4, 'Buen tutor, pero debería ser más puntual', 34),
       (35, 5, 'Explicaciones claras y ejemplos prácticos', 35),
       (36, 3, 'Regular, esperaba más interacción', 36),
       (37, 5, 'Tutor excepcional', 37),
       (38, 4, 'Buen tutor, pero debería profundizar más', 38),
       (39, 5, 'Excelente en todos los aspectos', 39),
       (40, 2, 'No cumplió con mis expectativas', 40),
       (41, 5, 'El mejor tutor que he contratado', 41),
       (42, 4, 'Buen tutor, pero debería ser más organizado', 42),
       (43, 5, 'Explicaciones magistrales', 43),
       (44, 3, 'Regular, algunas dudas quedaron en el aire', 44),
       (45, 5, 'Excelente tutor, muy profesional', 45),
       (46, 4, 'Buen tutor, pero debería ser más claro', 46),
       (47, 5, 'Totalmente satisfecho con la sesión', 47),
       (48, 1, 'Mala experiencia, no volvería a contratar', 48),
       (49, 5, 'Tutor excepcional, muy recomendado', 49),
       (50, 4, 'Buen tutor, pero debería mejorar la conexión', 50)
ON CONFLICT (id) DO NOTHING;

-- Tabla Pagos
INSERT INTO pagos (id, monto, comision_plataforma, fecha, metodo_pago, tipo_estado, estudiante_id, tutor_id)
VALUES (1, 100.00, 15.00, '2023-03-01 11:30:00', 'TARJETA_CREDITO', 'COMPLETADO', 1, 1),
       (2, 90.00, 13.50, '2023-03-01 16:30:00', 'PAYPAL', 'COMPLETADO', 2, 1),
       (3, 90.00, 13.50, '2023-03-02 12:30:00', 'TRANSFERENCIA', 'COMPLETADO', 3, 2),
       (4, 90.00, 13.50, '2023-03-02 17:30:00', 'TARJETA_CREDITO', 'COMPLETADO', 4, 2),
       (5, 110.00, 16.50, '2023-03-03 10:30:00', 'PAYPAL', 'COMPLETADO', 5, 3),
       (6, 110.00, 16.50, '2023-03-03 15:30:00', 'TRANSFERENCIA', 'COMPLETADO', 6, 3),
       (7, 80.00, 12.00, '2023-03-04 13:30:00', 'TARJETA_CREDITO', 'COMPLETADO', 7, 4),
       (8, 80.00, 12.00, '2023-03-04 18:30:00', 'PAYPAL', 'COMPLETADO', 8, 4),
       (9, 120.00, 18.00, '2023-03-05 11:30:00', 'TRANSFERENCIA', 'COMPLETADO', 9, 5),
       (10, 120.00, 18.00, '2023-03-05 16:30:00', 'TARJETA_CREDITO', 'COMPLETADO', 10, 5),
       (11, 70.00, 10.50, '2023-03-06 12:30:00', 'PAYPAL', 'COMPLETADO', 11, 6),
       (12, 70.00, 10.50, '2023-03-06 17:30:00', 'TRANSFERENCIA', 'COMPLETADO', 12, 6),
       (13, 100.00, 15.00, '2023-03-07 10:30:00', 'TARJETA_CREDITO', 'COMPLETADO', 13, 7),
       (14, 100.00, 15.00, '2023-03-07 15:30:00', 'PAYPAL', 'COMPLETADO', 14, 7),
       (15, 90.00, 13.50, '2023-03-08 13:30:00', 'TRANSFERENCIA', 'COMPLETADO', 15, 8),
       (16, 90.00, 13.50, '2023-03-08 18:30:00', 'TARJETA_CREDITO', 'COMPLETADO', 16, 8),
       (17, 110.00, 16.50, '2023-03-09 11:30:00', 'PAYPAL', 'COMPLETADO', 17, 9),
       (18, 110.00, 16.50, '2023-03-09 16:30:00', 'TRANSFERENCIA', 'COMPLETADO', 18, 9),
       (19, 80.00, 12.00, '2023-03-10 12:30:00', 'TARJETA_CREDITO', 'COMPLETADO', 19, 10),
       (20, 80.00, 12.00, '2023-03-10 17:30:00', 'PAYPAL', 'COMPLETADO', 20, 10),
       (21, 130.00, 19.50, '2023-03-11 10:30:00', 'TRANSFERENCIA', 'COMPLETADO', 21, 11),
       (22, 130.00, 19.50, '2023-03-11 15:30:00', 'TARJETA_CREDITO', 'COMPLETADO', 22, 11),
       (23, 100.00, 15.00, '2023-03-12 13:30:00', 'PAYPAL', 'COMPLETADO', 23, 12),
       (24, 100.00, 15.00, '2023-03-12 18:30:00', 'TRANSFERENCIA', 'COMPLETADO', 24, 12),
       (25, 90.00, 13.50, '2023-03-13 11:30:00', 'TARJETA_CREDITO', 'COMPLETADO', 25, 13),
       (26, 90.00, 13.50, '2023-03-13 16:30:00', 'PAYPAL', 'COMPLETADO', 26, 13),
       (27, 110.00, 16.50, '2023-03-14 12:30:00', 'TRANSFERENCIA', 'COMPLETADO', 27, 14),
       (28, 110.00, 16.50, '2023-03-14 17:30:00', 'TARJETA_CREDITO', 'COMPLETADO', 28, 14),
       (29, 120.00, 18.00, '2023-03-15 10:30:00', 'PAYPAL', 'COMPLETADO', 29, 15),
       (30, 120.00, 18.00, '2023-03-15 15:30:00', 'TRANSFERENCIA', 'COMPLETADO', 1, 15),
       (31, 80.00, 12.00, '2023-03-16 13:30:00', 'TARJETA_CREDITO', 'COMPLETADO', 2, 16),
       (32, 80.00, 12.00, '2023-03-16 18:30:00', 'PAYPAL', 'COMPLETADO', 3, 16),
       (33, 100.00, 15.00, '2023-03-17 11:30:00', 'TRANSFERENCIA', 'COMPLETADO', 4, 17),
       (34, 100.00, 15.00, '2023-03-17 16:30:00', 'TARJETA_CREDITO', 'COMPLETADO', 5, 17),
       (35, 90.00, 13.50, '2023-03-18 12:30:00', 'PAYPAL', 'COMPLETADO', 6, 18),
       (36, 90.00, 13.50, '2023-03-18 17:30:00', 'TRANSFERENCIA', 'COMPLETADO', 7, 18),
       (37, 110.00, 16.50, '2023-03-19 10:30:00', 'TARJETA_CREDITO', 'COMPLETADO', 8, 19),
       (38, 110.00, 16.50, '2023-03-19 15:30:00', 'PAYPAL', 'COMPLETADO', 9, 19),
       (39, 120.00, 18.00, '2023-03-20 13:30:00', 'TRANSFERENCIA', 'COMPLETADO', 10, 20),
       (40, 120.00, 18.00, '2023-03-20 18:30:00', 'TARJETA_CREDITO', 'COMPLETADO', 11, 20),
       (41, 100.00, 15.00, '2023-03-21 11:30:00', 'PAYPAL', 'PENDIENTE', 12, 1),
       (42, 100.00, 15.00, '2023-03-21 16:30:00', 'TRANSFERENCIA', 'PENDIENTE', 13, 1),
       (43, 90.00, 13.50, '2023-03-22 12:30:00', 'TARJETA_CREDITO', 'PENDIENTE', 14, 2),
       (44, 90.00, 13.50, '2023-03-22 17:30:00', 'PAYPAL', 'PENDIENTE', 15, 2),
       (45, 110.00, 16.50, '2023-03-23 10:30:00', 'TRANSFERENCIA', 'FALLIDO', 16, 3),
       (46, 110.00, 16.50, '2023-03-23 15:30:00', 'TARJETA_CREDITO', 'FALLIDO', 17, 3),
       (47, 80.00, 12.00, '2023-03-24 13:30:00', 'PAYPAL', 'FALLIDO', 18, 4),
       (48, 80.00, 12.00, '2023-03-24 18:30:00', 'TRANSFERENCIA', 'FALLIDO', 19, 4),
       (49, 100.00, 15.00, '2023-03-25 11:30:00', 'TARJETA_CREDITO', 'FALLIDO', 20, 5),
       (50, 100.00, 15.00, '2023-03-25 16:30:00', 'PAYPAL', 'FALLIDO', 21, 5)
ON CONFLICT (id) DO NOTHING;

-- Tabla Notificacion_estudiantes
INSERT INTO notificacion_estudiantes (id, titulo, texto, tipo, estudiante_id)
VALUES
    (1, 'Nueva sesión programada', 'Tu sesión de Matemáticas ha sido programada para el 01/03/2023', 'CONFIRMACION', 1),
    (2, 'Recordatorio de sesión', 'No olvides tu sesión de Matemáticas hoy a las 14:00', 'RECORDATORIO', 2),
    (3, 'Sesión completada', 'Tu sesión de Física ha sido completada. Por favor deja tu reseña', 'CONFIRMACION', 3),
    (4, 'Pago recibido', 'Hemos recibido tu pago por la sesión de Física', 'PAGO', 4),
    (5, 'Nueva sesión programada', 'Tu sesión de Programación ha sido programada para el 03/03/2023', 'CONFIRMACION', 5),
    (6, 'Recordatorio de sesión', 'No olvides tu sesión de Programación hoy a las 13:00', 'RECORDATORIO', 6),
    (7, 'Sesión completada', 'Tu sesión de Química ha sido completada. Por favor deja tu reseña', 'CONFIRMACION', 7),
    (8, 'Pago recibido', 'Hemos recibido tu pago por la sesión de Química', 'PAGO', 8),
    (9, 'Nueva sesión programada', 'Tu sesión de Biología ha sido programada para el 05/03/2023', 'CONFIRMACION', 9),
    (10, 'Recordatorio de sesión', 'No olvides tu sesión de Biología hoy a las 14:00', 'RECORDATORIO', 10),
    (11, 'Sesión completada', 'Tu sesión de Historia ha sido completada. Por favor deja tu reseña', 'CONFIRMACION', 11),
    (12, 'Pago recibido', 'Hemos recibido tu pago por la sesión de Historia', 'PAGO', 12),
    (13, 'Nueva sesión programada', 'Tu sesión de Economía ha sido programada para el 07/03/2023', 'CONFIRMACION', 13),
    (14, 'Recordatorio de sesión', 'No olvides tu sesión de Economía hoy a las 08:00', 'RECORDATORIO', 14),
    (15, 'Sesión completada', 'Tu sesión de Literatura ha sido completada. Por favor deja tu reseña', 'CONFIRMACION', 15),
    (16, 'Pago recibido', 'Hemos recibido tu pago por la sesión de Literatura', 'PAGO', 16),
    (17, 'Nueva sesión programada', 'Tu sesión de Inglés ha sido programada para el 09/03/2023', 'CONFIRMACION', 17),
    (18, 'Recordatorio de sesión', 'No olvides tu sesión de Inglés hoy a las 09:00', 'RECORDATORIO', 18),
    (19, 'Sesión completada', 'Tu sesión de Arte ha sido completada. Por favor deja tu reseña', 'CONFIRMACION', 19),
    (20, 'Pago recibido', 'Hemos recibido tu pago por la sesión de Arte', 'PAGO', 20),
    (21, 'Nueva sesión programada', 'Tu sesión de Medicina ha sido programada para el 11/03/2023', 'CONFIRMACION', 21),
    (22, 'Recordatorio de sesión', 'No olvides tu sesión de Medicina hoy a las 08:00', 'RECORDATORIO', 22),
    (23, 'Sesión completada', 'Tu sesión de Derecho ha sido completada. Por favor deja tu reseña', 'CONFIRMACION', 23),
    (24, 'Pago recibido', 'Hemos recibido tu pago por la sesión de Derecho', 'PAGO', 24),
    (25, 'Nueva sesión programada', 'Tu sesión de Psicología ha sido programada para el 13/03/2023', 'CONFIRMACION', 25),
    (26, 'Recordatorio de sesión', 'No olvides tu sesión de Psicología hoy a las 09:00', 'RECORDATORIO', 26),
    (27, 'Sesión completada', 'Tu sesión de Ingeniería ha sido completada. Por favor deja tu reseña', 'CONFIRMACION', 27),
    (28, 'Pago recibido', 'Hemos recibido tu pago por la sesión de Ingeniería', 'PAGO', 28),
    (29, 'Nueva sesión programada', 'Tu sesión de Música ha sido programada para el 15/03/2023', 'CONFIRMACION', 29),
    (30, 'Recordatorio de sesión', 'No olvides tu sesión de Música hoy a las 08:00', 'RECORDATORIO', 1),
    (31, 'Sesión completada', 'Tu sesión de Filosofía ha sido completada. Por favor deja tu reseña', 'CONFIRMACION', 2),
    (32, 'Pago recibido', 'Hemos recibido tu pago por la sesión de Filosofía', 'PAGO', 3),
    (33, 'Nueva sesión programada', 'Tu sesión de Geografía ha sido programada para el 17/03/2023', 'CONFIRMACION', 4),
    (34, 'Recordatorio de sesión', 'No olvides tu sesión de Geografía hoy a las 09:00', 'RECORDATORIO', 5),
    (35, 'Sesión completada', 'Tu sesión de Astronomía ha sido completada. Por favor deja tu reseña', 'CONFIRMACION', 6),
    (36, 'Pago recibido', 'Hemos recibido tu pago por la sesión de Astronomía', 'PAGO', 7),
    (37, 'Nueva sesión programada', 'Tu sesión de Marketing ha sido programada para el 19/03/2023', 'CONFIRMACION', 8),
    (38, 'Recordatorio de sesión', 'No olvides tu sesión de Marketing hoy a las 08:00', 'RECORDATORIO', 9),
    (39, 'Sesión completada', 'Tu sesión de Finanzas ha sido completada. Por favor deja tu reseña', 'CONFIRMACION', 10),
    (40, 'Pago recibido', 'Hemos recibido tu pago por la sesión de Finanzas', 'PAGO', 11),
    (41, 'Nueva sesión programada', 'Tu sesión de Educación Física ha sido programada para el 21/03/2023', 'CONFIRMACION', 12),
    (42, 'Recordatorio de sesión', 'No olvides tu sesión de Educación Física hoy a las 09:00', 'RECORDATORIO', 13),
    (43, 'Sesión completada', 'Tu sesión de Diseño Gráfico ha sido completada. Por favor deja tu reseña', 'CONFIRMACION', 14),
    (44, 'Pago recibido', 'Hemos recibido tu pago por la sesión de Diseño Gráfico', 'PAGO', 15),
    (45, 'Nueva sesión programada', 'Tu sesión de Arquitectura ha sido programada para el 23/03/2023', 'CONFIRMACION', 16),
    (46, 'Recordatorio de sesión', 'No olvides tu sesión de Arquitectura hoy a las 08:00', 'RECORDATORIO', 17),
    (47, 'Sesión completada', 'Tu sesión de Enfermería ha sido completada. Por favor deja tu reseña', 'CONFIRMACION', 18),
    (48, 'Pago recibido', 'Hemos recibido tu pago por la sesión de Enfermería', 'PAGO', 19),
    (49, 'Nueva sesión programada', 'Tu sesión de Agricultura ha sido programada para el 25/03/2023', 'CONFIRMACION', 20),
    (50, 'Recordatorio de sesión', 'No olvides tu sesión de Agricultura hoy a las 09:00', 'RECORDATORIO', 21)
ON CONFLICT (id) DO NOTHING;